{"cameraMode":{"drawMode":0,"name":"Shaded","section":"Shading Mode"},"sceneLighting":false,"audioPlay":false,"sceneViewState":{"m_AlwaysRefresh":false,"showFog":true,"showSkybox":false,"showFlares":true,"showImageEffects":true,"showParticleSystems":true,"showVisualEffectGraphs":true,"m_FxEnabled":false},"in2DMode":false,"pivot":{"x":0.5181319713592529,"y":-15.624714851379395,"z":34.13286209106445},"rotation":{"x":-0.32188957929611208,"y":-0.049616437405347827,"z":0.014218326658010483,"w":-0.9458182454109192},"size":17.523136138916017,"orthographic":false}