{"cameraMode":{"drawMode":0,"name":"Shaded","section":"Shading Mode"},"sceneLighting":false,"audioPlay":false,"sceneViewState":{"m_AlwaysRefresh":false,"showFog":true,"showSkybox":false,"showFlares":true,"showImageEffects":true,"showParticleSystems":true,"showVisualEffectGraphs":true,"m_FxEnabled":false},"in2DMode":false,"pivot":{"x":-4.498095989227295,"y":-22.803449630737306,"z":30.708492279052736},"rotation":{"x":-0.4143710732460022,"y":0.06392171233892441,"z":-0.031945131719112399,"w":-0.9077667593955994},"size":17.523136138916017,"orthographic":false}