{"cameraMode":{"drawMode":0,"name":"Shaded","section":"Shading Mode"},"sceneLighting":false,"audioPlay":false,"sceneViewState":{"m_AlwaysRefresh":false,"showFog":true,"showSkybox":false,"showFlares":true,"showImageEffects":true,"showParticleSystems":true,"showVisualEffectGraphs":true,"m_FxEnabled":false},"in2DMode":false,"pivot":{"x":-0.7088512182235718,"y":-18.94801139831543,"z":31.091129302978517},"rotation":{"x":-0.37422803044319155,"y":-0.015440613031387329,"z":0.0033178527373820545,"w":-0.9276536703109741},"size":16.30879783630371,"orthographic":false}