{"cameraMode":{"drawMode":0,"name":"Shaded","section":"Shading Mode"},"sceneLighting":false,"audioPlay":false,"sceneViewState":{"m_AlwaysRefresh":false,"showFog":true,"showSkybox":false,"showFlares":true,"showImageEffects":true,"showParticleSystems":true,"showVisualEffectGraphs":true,"m_FxEnabled":false},"in2DMode":false,"pivot":{"x":0.47372448444366457,"y":-19.668725967407228,"z":35.14817810058594},"rotation":{"x":-0.3433060348033905,"y":-0.032370004802942279,"z":0.009201953187584877,"w":-0.9390735030174255},"size":17.523136138916017,"orthographic":false}