{"cameraMode":{"drawMode":0,"name":"Shaded","section":"Shading Mode"},"sceneLighting":false,"audioPlay":false,"sceneViewState":{"m_AlwaysRefresh":false,"showFog":true,"showSkybox":false,"showFlares":true,"showImageEffects":true,"showParticleSystems":true,"showVisualEffectGraphs":true,"m_FxEnabled":false},"in2DMode":false,"pivot":{"x":-3.918398380279541,"y":-0.31768035888671877,"z":3.1257379055023195},"rotation":{"x":-0.3100113272666931,"y":-0.23640216886997224,"z":0.07670693844556809,"w":-0.9181236028671265},"size":1.7945338487625123,"orthographic":false}