{"cameraMode":{"drawMode":0,"name":"Shaded","section":"Shading Mode"},"sceneLighting":false,"audioPlay":false,"sceneViewState":{"m_AlwaysRefresh":false,"showFog":true,"showSkybox":false,"showFlares":true,"showImageEffects":true,"showParticleSystems":true,"showVisualEffectGraphs":true,"m_FxEnabled":false},"in2DMode":false,"pivot":{"x":-4.888971328735352,"y":-1.4449481964111329,"z":1.5291755199432374},"rotation":{"x":0.04387614130973816,"y":-0.9375206828117371,"z":0.13922181725502015,"w":0.31714320182800295},"size":1.7945338487625123,"orthographic":false}