{"cameraMode":{"drawMode":0,"name":"Shaded","section":"Shading Mode"},"sceneLighting":false,"audioPlay":false,"sceneViewState":{"m_AlwaysRefresh":false,"showFog":true,"showSkybox":true,"showFlares":true,"showImageEffects":true,"showParticleSystems":true,"showVisualEffectGraphs":true,"m_FxEnabled":false},"in2DMode":false,"pivot":{"x":0.0283660888671875,"y":18.017765045166017,"z":10.733901977539063},"rotation":{"x":0.46465107798576357,"y":-0.3230259120464325,"z":0.19409024715423585,"w":0.801924467086792},"size":0.4202844798564911,"orthographic":false}