{"cameraMode":{"drawMode":0,"name":"Shaded","section":"Shading Mode"},"sceneLighting":false,"audioPlay":false,"sceneViewState":{"m_AlwaysRefresh":false,"showFog":true,"showSkybox":true,"showFlares":true,"showImageEffects":true,"showParticleSystems":true,"showVisualEffectGraphs":true,"m_FxEnabled":false},"in2DMode":false,"pivot":{"x":-0.04998958110809326,"y":17.648731231689454,"z":10.889288902282715},"rotation":{"x":0.4771956503391266,"y":-0.3205263614654541,"z":0.20089927315711976,"w":0.7938458919525147},"size":0.5748707056045532,"orthographic":false}