{"cameraMode":{"drawMode":0,"name":"Shaded","section":"Shading Mode"},"sceneLighting":false,"audioPlay":false,"sceneViewState":{"m_AlwaysRefresh":false,"showFog":true,"showSkybox":true,"showFlares":true,"showImageEffects":true,"showParticleSystems":true,"showVisualEffectGraphs":true,"m_FxEnabled":false},"in2DMode":false,"pivot":{"x":-3.483931064605713,"y":15.301288604736329,"z":-7.351524353027344},"rotation":{"x":0.24430720508098603,"y":-0.022481264546513559,"z":0.011851576156914235,"w":0.9698936939239502},"size":0.22452376782894135,"orthographic":false}