{"cameraMode":{"drawMode":0,"name":"Shaded","section":"Shading Mode"},"sceneLighting":false,"audioPlay":false,"sceneViewState":{"m_AlwaysRefresh":false,"showFog":true,"showSkybox":true,"showFlares":true,"showImageEffects":true,"showParticleSystems":true,"showVisualEffectGraphs":true,"m_FxEnabled":false},"in2DMode":false,"pivot":{"x":0.05025246739387512,"y":18.006826400756837,"z":10.726916313171387},"rotation":{"x":0.4780668318271637,"y":-0.30960267782211306,"z":0.1920045018196106,"w":0.7998326420783997},"size":0.4202844798564911,"orthographic":false}