{"cameraMode":{"drawMode":0,"name":"Shaded","section":"Shading Mode"},"sceneLighting":false,"audioPlay":false,"sceneViewState":{"m_AlwaysRefresh":false,"showFog":true,"showSkybox":true,"showFlares":true,"showImageEffects":true,"showParticleSystems":true,"showVisualEffectGraphs":true,"m_FxEnabled":false},"in2DMode":false,"pivot":{"x":-0.5320364832878113,"y":17.514787673950197,"z":10.308758735656739},"rotation":{"x":0.4009762704372406,"y":-0.3208106756210327,"z":0.16067102551460267,"w":0.8434708118438721},"size":0.7807353734970093,"orthographic":false}