{"cameraMode":{"drawMode":0,"name":"Shaded","section":"Shading Mode"},"sceneLighting":true,"audioPlay":false,"sceneViewState":{"m_AlwaysRefresh":false,"showFog":true,"showSkybox":true,"showFlares":true,"showImageEffects":true,"showParticleSystems":true,"showVisualEffectGraphs":true,"m_FxEnabled":false},"in2DMode":false,"pivot":{"x":-0.06766906380653382,"y":17.518476486206056,"z":10.964200019836426},"rotation":{"x":0.47569817304611208,"y":-0.30598288774490359,"z":0.19447307288646699,"w":0.8022527694702148},"size":1.0902125835418702,"orthographic":false}