{"cameraMode":{"drawMode":0,"name":"Shaded","section":"Shading Mode"},"sceneLighting":true,"audioPlay":false,"sceneViewState":{"m_AlwaysRefresh":false,"showFog":true,"showSkybox":true,"showFlares":true,"showImageEffects":true,"showParticleSystems":true,"showVisualEffectGraphs":true,"m_FxEnabled":false},"in2DMode":false,"pivot":{"x":-11.167594909667969,"y":-23.380123138427736,"z":21.611845016479493},"rotation":{"x":0.5250434875488281,"y":-0.31714561581611636,"z":0.21952134370803834,"w":0.758649468421936},"size":22.332508087158204,"orthographic":false}