{"cameraMode":{"drawMode":0,"name":"Shaded","section":"Shading Mode"},"sceneLighting":false,"audioPlay":false,"sceneViewState":{"m_AlwaysRefresh":false,"showFog":true,"showSkybox":false,"showFlares":true,"showImageEffects":true,"showParticleSystems":true,"showVisualEffectGraphs":true,"m_FxEnabled":false},"in2DMode":false,"pivot":{"x":-25.843313217163087,"y":-1.0990880727767945,"z":14.156967163085938},"rotation":{"x":-0.22506366670131684,"y":0.41231679916381838,"z":-0.10963109880685806,"w":-0.8764759302139282},"size":1.9725204706192017,"orthographic":false}