{"cameraMode":{"drawMode":0,"name":"Shaded","section":"Shading Mode"},"sceneLighting":false,"audioPlay":false,"sceneViewState":{"m_AlwaysRefresh":false,"showFog":true,"showSkybox":false,"showFlares":true,"showImageEffects":true,"showParticleSystems":true,"showVisualEffectGraphs":true,"m_FxEnabled":false},"in2DMode":false,"pivot":{"x":0.45795929431915285,"y":1.6103094816207886,"z":-0.6241723895072937},"rotation":{"x":-0.3021966814994812,"y":0.5030256509780884,"z":-0.19330714643001557,"w":-0.7863494157791138},"size":1.4492554664611817,"orthographic":false}