{"cameraMode":{"drawMode":0,"name":"Shaded","section":"Shading Mode"},"sceneLighting":false,"audioPlay":false,"sceneViewState":{"m_AlwaysRefresh":false,"showFog":true,"showSkybox":false,"showFlares":true,"showImageEffects":true,"showParticleSystems":true,"showVisualEffectGraphs":true,"m_FxEnabled":false},"in2DMode":false,"pivot":{"x":1.249245047569275,"y":0.8802645802497864,"z":-1.9154242277145386},"rotation":{"x":-0.056604258716106418,"y":0.37635883688926699,"z":-0.026434089988470079,"w":-0.9248789548873901},"size":0.6452266573905945,"orthographic":false}