{"cameraMode":{"drawMode":0,"name":"Shaded","section":"Shading Mode"},"sceneLighting":false,"audioPlay":false,"sceneViewState":{"m_AlwaysRefresh":false,"showFog":true,"showSkybox":false,"showFlares":true,"showImageEffects":true,"showParticleSystems":true,"showVisualEffectGraphs":true,"m_FxEnabled":false},"in2DMode":false,"pivot":{"x":-0.128898024559021,"y":0.19209760427474976,"z":0.24868883192539216},"rotation":{"x":0.14205485582351685,"y":0.7038775682449341,"z":-0.14171725511550904,"w":0.6820958256721497},"size":0.47317570447921755,"orthographic":false}