{"cameraMode":{"drawMode":0,"name":"Shaded","section":"Shading Mode"},"sceneLighting":false,"audioPlay":false,"sceneViewState":{"m_AlwaysRefresh":false,"showFog":true,"showSkybox":false,"showFlares":true,"showImageEffects":true,"showParticleSystems":true,"showVisualEffectGraphs":true,"m_FxEnabled":false},"in2DMode":false,"pivot":{"x":1.2687232494354249,"y":0.8631168007850647,"z":1.2812645435333253},"rotation":{"x":-0.13637013733386994,"y":0.8305566310882568,"z":-0.2404283732175827,"w":-0.48447826504707339},"size":0.8660253882408142,"orthographic":false}